seller_id,n_products,avg_product_rating,total_reviews,avg_star,fake_rate,verified_rate,years_on_platform,ships_internationally,avg_shipping_days,return_rate_pct
S0001,8,3.11,148,3.22,0.027,0.703,4,1,4.0,13.4
S0002,14,3.31,295,3.33,0.0576,0.766,1,1,3.8,4.8
S0003,8,3.19,212,3.56,0.0472,0.802,1,0,2.1,4.8
S0004,8,3.29,196,3.43,0.0408,0.699,5,1,3.9,7.3
S0005,10,3.45,195,3.76,0.0564,0.754,3,0,6.5,5.8
S0006,11,3.38,230,3.99,0.1043,0.722,2,1,6.1,5.7
S0007,10,3.58,217,4.14,0.0737,0.756,2,1,4.5,15.7
S0008,9,3.25,193,3.35,0.057,0.736,7,1,11.9,3.0
S0009,10,3.38,196,3.76,0.0357,0.73,2,1,2.3,3.4
S0010,10,3.14,153,3.58,0.0784,0.745,8,0,2.9,4.6
S0011,15,3.33,257,3.58,0.0661,0.786,7,0,7.9,4.8
S0012,6,3.79,140,4.17,0.0929,0.75,9,1,3.3,15.3
S0013,14,3.47,221,3.72,0.0543,0.765,8,0,4.7,3.4
S0014,7,3.32,127,3.59,0.0551,0.709,4,0,4.9,7.9
S0015,16,3.31,336,3.43,0.0655,0.753,5,0,6.6,6.9
S0016,14,2.76,288,3.15,0.0625,0.698,4,0,3.8,4.2
S0017,10,3.65,178,4.13,0.0674,0.669,4,0,4.5,9.1
S0018,14,3.08,280,3.26,0.0393,0.711,3,0,2.7,4.4
S0019,10,3.52,182,3.91,0.1044,0.747,7,0,6.7,12.6
S0020,8,3.62,157,4.1,0.0764,0.764,4,0,1.8,8.7
S0021,10,2.99,187,3.3,0.0695,0.759,6,1,5.9,6.3
S0022,10,3.42,233,3.6,0.0858,0.717,5,0,4.4,7.4
S0023,10,3.15,178,3.35,0.0393,0.775,4,1,4.1,4.7
S0024,7,3.51,169,3.7,0.0533,0.74,4,1,8.1,3.7
S0025,10,3.0,209,3.59,0.067,0.746,8,1,3.7,4.7
S0026,12,2.97,197,3.38,0.066,0.741,6,0,7.6,6.7
S0027,7,3.31,138,3.51,0.0725,0.746,7,1,3.9,5.9
S0028,13,3.58,293,3.97,0.0444,0.737,9,0,8.7,4.8
S0029,8,3.22,208,3.46,0.0913,0.755,3,0,4.9,3.6
S0030,14,3.06,261,3.27,0.0766,0.77,2,1,7.4,2.0
S0031,11,3.14,252,3.65,0.0794,0.75,1,1,3.5,4.8
S0032,9,3.0,158,3.72,0.0886,0.703,5,0,2.5,7.5
S0033,4,3.43,85,3.61,0.1412,0.753,9,1,2.5,5.5
S0034,6,3.42,139,3.69,0.0576,0.734,2,0,4.0,4.5
S0035,14,3.03,263,3.64,0.0684,0.703,6,0,6.5,12.7
S0036,11,3.31,271,3.64,0.0406,0.753,6,1,2.1,6.2
S0037,9,3.2,184,3.69,0.0489,0.755,7,0,8.2,3.6
S0038,14,3.29,242,3.55,0.0785,0.694,3,0,3.6,4.0
S0039,6,3.15,124,3.17,0.0323,0.734,8,1,2.7,7.8
S0040,7,3.6,137,3.98,0.0949,0.65,5,0,6.9,14.7
S0041,9,3.34,177,3.63,0.0678,0.661,2,0,4.3,7.7
S0042,14,2.88,312,3.21,0.0417,0.731,8,1,2.5,6.2
S0043,13,3.39,247,3.67,0.0567,0.761,7,1,2.8,8.3
S0044,12,3.29,260,3.63,0.0269,0.758,2,0,5.2,4.8
S0045,11,3.37,196,3.51,0.0561,0.673,8,0,5.5,6.9
S0046,9,3.27,235,3.77,0.0638,0.745,7,0,1.7,8.8
S0047,7,3.0,129,3.28,0.0388,0.752,4,1,5.5,7.1
S0048,15,3.39,295,3.79,0.0576,0.725,7,1,2.9,11.2
S0049,6,2.98,113,3.48,0.0708,0.699,5,0,3.3,18.1
S0050,2,3.26,43,3.77,0.0698,0.791,5,0,7.8,3.0
S0051,9,3.27,204,3.58,0.0539,0.735,8,0,3.2,5.6
S0052,12,3.15,268,3.29,0.0373,0.776,2,1,4.3,4.2
S0053,11,2.96,219,3.37,0.0685,0.74,4,0,6.0,2.4
S0054,9,2.92,188,3.31,0.0638,0.766,8,0,6.0,6.0
S0055,11,3.88,208,4.15,0.0529,0.712,8,0,4.8,4.2
S0056,7,3.05,119,3.76,0.0252,0.773,1,0,5.8,2.9
S0057,14,3.56,243,4.04,0.0576,0.745,3,1,4.2,2.4
S0058,11,3.29,202,3.4,0.0693,0.728,8,1,9.4,5.9
S0059,12,2.99,210,3.6,0.0619,0.748,1,0,6.5,8.6
S0060,7,3.16,131,3.71,0.0687,0.702,1,1,4.4,16.9
S0061,8,3.01,150,3.26,0.0533,0.713,9,1,5.0,8.2
S0062,10,3.29,174,3.78,0.0632,0.736,8,0,8.4,7.6
S0063,12,3.06,211,3.43,0.0616,0.744,2,0,12.6,5.6
S0064,10,3.08,242,3.26,0.0661,0.752,2,0,5.2,5.2
S0065,12,3.63,216,3.8,0.0324,0.718,3,1,4.3,9.5
S0066,21,3.14,387,3.3,0.0698,0.796,5,0,4.4,4.4
S0067,9,3.36,181,3.85,0.0331,0.724,7,1,5.4,11.7
S0068,5,3.17,95,3.72,0.0632,0.747,4,1,4.0,10.4
S0069,5,2.91,99,3.06,0.0909,0.717,7,1,5.8,4.5
S0070,6,3.2,101,3.92,0.0693,0.663,3,0,10.2,3.1
S0071,13,3.36,222,3.56,0.0766,0.721,8,1,6.0,3.6
S0072,8,3.63,115,4.2,0.0435,0.748,4,1,2.6,8.5
S0073,8,3.35,179,3.77,0.0503,0.771,8,1,8.0,7.3
S0074,9,3.41,182,3.63,0.0495,0.747,6,0,2.9,4.2
S0075,10,3.63,190,4.16,0.0684,0.737,8,1,2.6,2.4
S0076,11,3.3,274,3.9,0.0657,0.763,4,1,3.0,4.1
S0077,5,3.53,102,3.7,0.049,0.667,4,0,7.6,4.5
S0078,14,3.52,326,4.03,0.092,0.761,4,0,5.3,4.5
S0079,13,3.18,312,3.51,0.0769,0.747,7,0,5.7,7.8
S0080,12,2.93,263,3.19,0.0684,0.779,3,1,3.5,3.1
S0081,12,3.05,211,3.49,0.0616,0.73,7,0,7.2,14.8
S0082,15,3.18,318,3.26,0.0566,0.717,6,1,3.6,4.3
S0083,6,2.94,134,3.34,0.097,0.694,4,0,6.2,4.7
S0084,13,3.12,304,3.58,0.0461,0.737,1,1,5.4,5.7
S0085,6,3.13,82,3.73,0.0854,0.756,1,1,4.5,9.2
S0086,14,3.42,277,3.96,0.0578,0.726,6,1,2.5,5.1
S0087,11,3.01,228,3.36,0.0789,0.724,7,0,3.4,7.6
S0088,6,3.68,112,3.96,0.0536,0.75,3,1,4.3,13.8
S0089,12,3.35,254,3.73,0.0551,0.783,2,1,6.7,6.8
S0090,10,3.39,208,3.51,0.0769,0.764,6,1,7.6,6.9
S0091,13,3.28,207,3.52,0.0386,0.744,4,0,4.4,4.7
S0092,14,3.09,329,3.38,0.0578,0.736,9,0,3.9,6.2
S0093,7,3.28,125,3.57,0.032,0.784,4,1,3.3,7.6
S0094,6,3.28,85,3.41,0.0824,0.8,7,1,7.6,3.9
S0095,7,2.97,154,3.39,0.0519,0.747,2,0,7.3,3.1
S0096,8,3.3,167,3.56,0.0299,0.683,3,1,6.1,6.3
S0097,12,3.3,226,3.74,0.0487,0.757,2,1,4.9,7.0
S0098,5,3.5,99,3.54,0.0505,0.838,9,1,4.6,2.4
S0099,17,3.05,336,3.5,0.0804,0.759,6,1,3.0,2.7
S0100,6,3.26,112,3.29,0.0446,0.723,2,0,2.7,3.9
S0101,20,3.14,398,3.33,0.0603,0.729,7,0,3.4,9.3
S0102,7,3.2,120,3.64,0.0833,0.725,7,1,3.7,3.3
S0103,7,3.06,180,3.37,0.0278,0.761,7,0,1.8,6.9
S0104,12,3.21,269,3.71,0.0483,0.732,2,0,3.3,6.4
S0105,10,3.56,212,4.03,0.0755,0.736,9,0,6.5,5.5
S0106,8,3.75,169,4.1,0.0592,0.728,2,0,2.5,7.1
S0107,15,3.34,237,3.73,0.0886,0.726,9,0,7.0,6.1
S0108,14,3.14,275,3.69,0.0436,0.727,5,1,5.2,3.8
S0109,11,3.04,230,3.26,0.0565,0.761,9,0,6.6,6.6
S0110,14,3.36,276,3.72,0.0761,0.707,2,0,4.3,13.0
S0111,13,2.93,242,3.19,0.0496,0.74,7,0,4.8,3.0
S0112,16,3.21,321,3.51,0.0498,0.745,4,1,5.2,11.3
S0113,11,3.12,216,3.38,0.0509,0.806,6,1,2.2,5.7
S0114,13,3.21,282,3.62,0.0816,0.752,6,1,5.8,5.7
S0115,9,3.03,206,3.64,0.1019,0.718,6,0,4.7,3.6
S0116,11,3.57,233,3.88,0.0815,0.751,2,0,7.2,8.3
S0117,10,3.38,178,3.47,0.0674,0.753,2,1,3.8,4.6
S0118,10,3.37,200,3.99,0.085,0.76,1,0,3.5,8.3
S0119,5,3.13,95,3.62,0.0316,0.8,8,0,3.0,4.9
S0120,9,2.98,174,3.39,0.0632,0.764,9,0,6.5,2.4
S0121,6,3.37,122,4.11,0.0656,0.68,7,1,3.6,3.0
S0122,15,3.31,319,3.75,0.0627,0.727,4,0,3.4,11.4
S0123,9,2.85,148,3.3,0.0743,0.743,7,1,1.9,6.0
S0124,11,3.01,202,3.25,0.0792,0.787,2,1,5.7,2.6
S0125,13,3.03,281,3.44,0.0712,0.747,3,1,4.4,7.6
S0126,9,2.99,177,3.11,0.0339,0.746,9,0,13.3,4.6
S0127,10,3.04,150,3.37,0.0733,0.74,5,1,5.1,2.9
S0128,8,3.54,145,4.14,0.0621,0.759,8,0,5.4,10.5
S0129,9,3.4,169,3.58,0.0473,0.763,3,0,6.9,5.9
S0130,13,3.27,272,3.65,0.0699,0.743,8,0,7.4,8.0
S0131,18,3.26,302,3.77,0.0497,0.722,5,0,5.3,6.5
S0132,8,3.46,145,3.9,0.0276,0.772,2,0,3.1,5.6
S0133,6,3.02,140,3.35,0.05,0.779,5,0,3.9,4.8
S0134,15,3.51,285,3.97,0.0596,0.705,5,1,3.0,5.8
S0135,8,3.76,209,4.04,0.0431,0.713,8,1,3.6,3.9
S0136,7,3.27,138,3.54,0.0435,0.783,5,0,2.9,3.5
S0137,8,3.02,158,3.2,0.0759,0.753,7,0,5.2,3.3
S0138,14,3.74,313,4.01,0.0639,0.725,8,0,3.1,7.1
S0139,13,3.1,242,3.49,0.0785,0.748,1,0,4.7,5.3
S0140,7,3.38,146,4.05,0.0822,0.651,8,0,5.3,7.2
S0141,5,3.08,109,3.27,0.0734,0.743,7,0,4.0,6.0
S0142,8,2.96,188,3.19,0.0266,0.702,6,1,5.0,6.0
S0143,11,2.96,246,3.26,0.0772,0.748,5,0,8.1,5.9
S0144,12,3.42,216,3.9,0.0648,0.727,5,1,3.3,6.7
S0145,10,3.28,245,3.65,0.0653,0.71,6,0,3.0,4.8
S0146,15,2.93,265,3.17,0.0642,0.755,4,0,2.8,6.3
S0147,9,3.2,168,3.47,0.0357,0.75,9,0,7.8,13.6
S0148,10,3.49,226,3.7,0.0575,0.743,6,1,6.3,3.3
S0149,7,2.79,126,3.27,0.0714,0.778,8,1,2.6,7.1
S0150,10,3.26,180,3.4,0.0444,0.694,1,0,9.1,5.0
S0151,6,2.97,100,3.07,0.06,0.72,3,0,4.0,3.5
S0152,10,2.91,169,3.29,0.071,0.74,4,0,3.7,5.5
S0153,9,3.47,171,3.58,0.0643,0.766,3,0,1.7,2.7
S0154,10,3.14,226,3.23,0.0575,0.752,9,0,2.7,8.8
S0155,11,3.47,234,3.97,0.0513,0.825,1,1,6.4,3.1
S0156,10,2.86,199,3.09,0.0402,0.774,1,0,4.4,5.5
S0157,4,4.15,113,4.43,0.0442,0.655,5,0,2.7,5.4
S0158,9,3.25,203,3.62,0.0394,0.768,3,0,4.3,7.7
S0159,10,3.18,203,3.49,0.0739,0.749,8,1,6.2,9.3
S0160,4,3.21,61,3.41,0.0656,0.738,1,1,3.5,3.1
S0161,5,2.62,107,2.49,0.0187,0.72,3,0,11.5,7.0
S0162,9,3.02,178,3.47,0.0562,0.798,6,1,7.6,2.5
S0163,7,2.85,157,3.19,0.0637,0.745,8,1,8.5,16.5
S0164,6,3.25,123,3.52,0.0244,0.756,2,1,4.8,7.4
S0165,13,3.09,247,3.3,0.0769,0.757,7,0,6.3,3.9
S0166,14,3.06,233,3.54,0.0644,0.717,8,0,4.7,9.0
S0167,9,3.4,210,3.39,0.0381,0.724,4,1,3.3,6.8
S0168,8,3.68,185,3.86,0.0541,0.703,8,0,6.2,7.4
S0169,7,3.03,114,3.42,0.0526,0.719,9,1,3.6,6.6
S0170,11,3.48,220,3.7,0.0636,0.745,2,1,6.7,4.0
S0171,9,2.96,158,3.25,0.019,0.778,1,1,5.4,4.9
S0172,9,2.99,149,3.35,0.0201,0.745,5,1,5.6,5.8
S0173,8,3.24,129,3.57,0.0078,0.721,4,1,5.4,4.3
S0174,10,3.19,226,3.7,0.0708,0.721,3,0,1.6,9.7
S0175,13,3.59,280,3.94,0.0393,0.725,4,0,4.6,7.1
S0176,19,3.32,342,3.73,0.0468,0.766,4,0,9.6,6.0
S0177,12,3.02,198,3.48,0.0455,0.742,2,0,4.4,5.2
S0178,10,2.93,202,3.26,0.0693,0.728,1,0,2.9,2.9
S0179,8,3.01,139,3.5,0.0504,0.755,2,1,2.6,5.0
S0180,5,3.43,86,4.01,0.0814,0.721,2,0,4.9,4.2
S0181,7,2.83,127,3.27,0.0709,0.74,8,0,4.4,8.7
S0182,6,3.1,138,3.5,0.029,0.775,7,0,4.2,4.9
S0183,6,2.97,118,3.35,0.0424,0.78,2,1,5.5,6.9
S0184,12,3.15,245,3.36,0.0531,0.69,2,0,2.7,4.5
S0185,7,3.18,141,3.64,0.0567,0.745,5,0,3.7,4.3
S0186,9,3.21,130,3.58,0.0769,0.754,2,0,4.7,5.6
S0187,14,3.09,332,3.53,0.0452,0.714,5,0,3.1,3.9
S0188,6,3.23,146,4.0,0.0753,0.767,6,0,6.8,7.8
S0189,12,3.04,197,3.31,0.0355,0.736,5,0,4.7,8.1
S0190,7,3.49,145,3.46,0.069,0.703,1,0,3.5,8.8
S0191,10,2.98,201,3.43,0.0647,0.766,7,0,6.5,15.3
S0192,9,3.14,182,3.37,0.0549,0.747,9,1,4.4,5.7
S0193,13,3.16,243,3.37,0.037,0.77,2,1,4.1,7.4
S0194,8,3.24,175,3.57,0.0629,0.714,9,0,2.9,2.8
S0195,9,3.59,193,4.12,0.0674,0.731,7,0,3.8,5.0
S0196,13,3.33,287,3.69,0.0732,0.791,4,0,2.8,2.3
S0197,12,3.64,237,4.16,0.0633,0.751,4,1,1.5,8.7
S0198,15,3.23,334,3.45,0.0749,0.751,2,0,6.2,11.9
S0199,10,3.42,242,3.94,0.0744,0.752,7,0,3.4,3.6
S0200,6,3.71,151,3.97,0.0596,0.735,3,1,10.2,12.7
S0201,12,3.18,204,3.35,0.0392,0.721,2,1,6.6,6.3
S0202,9,3.51,171,3.44,0.0702,0.772,6,1,2.7,1.9
S0203,10,3.04,217,3.45,0.0599,0.737,2,1,2.8,7.5
S0204,5,3.54,77,4.06,0.0519,0.805,7,0,2.0,9.1
S0205,12,3.61,258,3.94,0.0426,0.76,5,0,3.5,5.4
S0206,6,3.18,135,3.2,0.0148,0.748,4,1,3.3,6.7
S0207,13,3.48,252,3.71,0.0476,0.754,6,0,6.0,12.5
S0208,8,3.17,197,3.7,0.0457,0.797,7,1,4.9,9.2
S0209,14,2.73,246,3.11,0.0366,0.687,8,1,5.3,8.4
S0210,13,3.24,319,3.55,0.0533,0.777,3,1,5.8,15.2
S0211,14,3.39,264,3.72,0.0758,0.716,5,0,3.5,3.6
S0212,8,3.44,137,3.93,0.0584,0.73,2,0,4.8,4.5
S0213,10,3.22,240,3.43,0.05,0.712,2,0,2.8,1.2
S0214,22,3.23,457,3.56,0.0613,0.707,5,1,2.4,24.0
S0215,9,3.46,164,3.59,0.0183,0.75,4,0,4.6,7.9
S0216,10,3.05,228,3.4,0.0746,0.759,5,0,2.5,9.7
S0217,9,3.28,173,3.65,0.0636,0.757,6,1,3.7,4.1
S0218,5,3.77,102,4.05,0.0686,0.706,2,0,5.5,4.6
S0219,11,3.16,242,3.42,0.0744,0.719,3,0,4.9,4.7
S0220,5,3.66,122,4.16,0.041,0.689,5,1,9.0,2.3
S0221,6,3.66,103,4.21,0.0583,0.757,4,0,3.2,7.5
S0222,12,2.6,223,2.99,0.0404,0.731,4,0,4.4,5.6
S0223,12,3.43,224,3.71,0.0446,0.688,8,0,3.8,4.9
S0224,14,3.44,229,3.87,0.083,0.79,8,1,4.5,7.7
S0225,7,3.78,177,3.88,0.0508,0.774,7,0,8.7,5.9
S0226,16,3.22,396,3.64,0.0379,0.775,8,1,3.0,7.0
S0227,11,3.42,172,3.69,0.0698,0.721,2,0,2.6,3.8
S0228,10,3.21,212,3.56,0.0566,0.741,6,1,5.2,7.1
S0229,10,2.87,224,3.26,0.0938,0.754,2,0,7.9,6.2
S0230,10,3.3,215,3.86,0.0605,0.772,3,1,3.4,17.0
S0231,11,3.02,221,3.17,0.0407,0.729,5,1,9.4,18.4
S0232,15,3.4,290,3.68,0.0414,0.714,1,0,12.0,7.7
S0233,8,3.08,167,3.55,0.0659,0.749,2,1,3.0,4.8
S0234,12,3.08,244,3.27,0.0533,0.775,5,0,4.3,5.5
S0235,8,3.37,164,3.61,0.061,0.726,8,0,1.2,3.4
S0236,14,3.29,334,3.6,0.0479,0.743,8,0,1.8,7.5
S0237,3,3.53,69,3.43,0.058,0.71,5,1,5.9,2.9
S0238,5,3.06,77,3.45,0.0649,0.662,2,0,4.7,2.1
S0239,9,3.04,273,3.34,0.0769,0.729,4,1,5.5,7.8
S0240,13,3.49,283,4.02,0.0848,0.721,2,0,7.5,4.1
S0241,11,3.19,224,3.42,0.058,0.696,7,1,4.0,4.3
S0242,10,3.14,191,3.48,0.0366,0.738,1,0,3.5,8.9
S0243,10,2.87,181,3.13,0.0221,0.707,2,0,4.5,5.6
S0244,14,3.64,276,3.92,0.058,0.761,1,0,6.7,2.9
S0245,6,3.04,108,3.34,0.0833,0.796,2,0,2.0,5.6
S0246,13,3.09,297,3.48,0.064,0.727,7,0,5.7,4.6
S0247,13,3.27,324,3.64,0.0525,0.707,7,0,3.8,2.5
S0248,6,2.66,135,3.25,0.0963,0.778,3,1,2.6,11.8
S0249,7,3.21,133,3.56,0.0902,0.722,7,1,2.0,3.8
S0250,11,2.96,212,3.28,0.066,0.778,9,0,5.7,7.5
S0251,12,3.68,263,3.9,0.057,0.722,5,1,1.7,4.3
S0252,5,3.33,99,3.42,0.0909,0.737,7,1,2.8,10.7
S0253,10,2.75,210,3.31,0.0333,0.757,8,0,7.0,4.5
S0254,7,2.94,138,3.24,0.0725,0.761,4,1,7.0,5.0
S0255,11,3.36,234,3.71,0.0598,0.756,9,0,2.2,3.7
S0256,10,3.33,195,3.77,0.041,0.754,5,1,5.7,4.6
S0257,12,3.35,213,3.6,0.0423,0.714,4,1,9.6,8.6
S0258,12,3.08,197,3.34,0.0457,0.701,6,1,10.7,6.9
S0259,7,3.53,149,3.89,0.0805,0.852,3,0,1.5,8.6
S0260,11,3.37,230,3.69,0.0391,0.717,3,1,3.9,7.7
S0261,6,3.1,105,3.42,0.0857,0.762,2,0,2.9,8.3
S0262,12,3.39,219,3.99,0.0685,0.785,3,0,3.5,4.4
S0263,4,3.23,59,3.78,0.0,0.627,8,0,4.7,5.8
S0264,7,3.6,116,3.91,0.0776,0.716,5,0,2.8,8.2
S0265,14,3.06,282,3.38,0.0532,0.723,5,0,8.7,5.1
S0266,7,3.25,147,3.42,0.0748,0.755,6,0,2.1,5.3
S0267,16,3.47,357,3.76,0.0588,0.742,8,0,3.1,3.8
S0268,11,3.09,225,3.31,0.0533,0.738,5,0,2.2,10.1
S0269,17,3.33,338,3.76,0.0769,0.743,3,1,7.2,6.5
S0270,7,3.05,164,3.7,0.0915,0.744,3,1,3.6,5.9
S0271,7,2.99,131,3.47,0.0916,0.74,4,1,4.1,9.3
S0272,5,3.2,118,3.47,0.0339,0.805,6,0,14.5,5.4
S0273,15,2.9,318,3.33,0.0409,0.708,5,0,2.8,3.6
S0274,8,2.89,190,3.03,0.0632,0.8,7,1,5.9,8.4
S0275,2,2.91,19,3.53,0.1053,0.895,7,1,2.6,4.3
S0276,7,2.66,109,3.11,0.0459,0.743,8,0,5.7,13.7
S0277,11,3.12,233,3.56,0.0386,0.695,7,0,4.2,8.7
S0278,13,2.83,280,3.23,0.0714,0.789,5,0,2.0,7.0
S0279,20,3.05,422,3.43,0.0545,0.749,1,0,2.7,5.4
S0280,13,3.43,306,3.79,0.0621,0.768,4,1,3.3,4.2
S0281,9,2.99,194,3.54,0.0825,0.753,2,0,4.0,4.6
S0282,11,3.28,205,3.7,0.0732,0.678,4,1,7.3,5.7
S0283,8,3.26,162,3.77,0.0494,0.765,8,0,6.1,11.9
S0284,11,3.03,199,3.16,0.0452,0.739,6,0,9.9,8.7
S0285,8,3.7,165,3.76,0.0727,0.752,6,0,1.2,8.8
S0286,8,3.28,176,3.59,0.0568,0.744,6,0,6.0,7.4
S0287,8,3.27,161,3.43,0.0559,0.764,5,1,8.3,6.8
S0288,9,3.04,160,3.52,0.0438,0.738,9,1,5.6,2.2
S0289,10,3.0,181,3.49,0.0497,0.696,7,1,14.6,7.4
S0290,13,3.53,315,3.78,0.0635,0.749,8,0,6.0,3.8
S0291,12,3.2,229,3.48,0.0349,0.786,3,1,6.0,5.9
S0292,14,3.24,288,3.67,0.0486,0.753,3,1,2.8,7.7
S0293,6,3.2,103,3.62,0.0485,0.757,1,1,11.3,6.6
S0294,7,3.43,131,3.84,0.0611,0.756,1,0,2.7,10.1
S0295,8,3.08,185,3.4,0.0486,0.724,9,1,2.9,5.1
S0296,12,3.1,260,3.33,0.05,0.742,7,0,15.8,8.5
S0297,9,3.72,170,3.88,0.0765,0.759,4,1,2.9,11.2
S0298,6,3.34,92,3.34,0.1087,0.826,1,0,3.0,5.8
S0299,10,3.28,166,3.55,0.0241,0.765,9,0,2.9,3.2
S0300,7,3.57,129,3.95,0.0233,0.729,6,1,7.0,6.3
S0301,14,3.24,271,3.51,0.059,0.686,1,0,4.8,3.6
S0302,5,2.68,124,3.15,0.0645,0.734,8,1,4.6,9.4
S0303,6,2.38,110,2.69,0.0455,0.764,4,0,1.5,8.2
S0304,15,2.93,254,3.39,0.0787,0.72,1,0,3.1,6.3
S0305,7,3.57,149,3.59,0.0604,0.738,9,1,2.8,4.5
S0306,12,3.24,220,3.86,0.0545,0.736,6,0,9.7,3.1
S0307,11,3.32,195,3.64,0.0718,0.764,3,0,3.9,6.4
S0308,15,3.56,267,3.87,0.0787,0.723,9,1,4.2,3.8
S0309,9,3.8,181,4.3,0.0939,0.751,9,1,3.5,9.8
S0310,4,3.62,102,3.32,0.0294,0.716,1,1,4.5,3.4
S0311,6,3.24,116,3.95,0.069,0.776,6,0,10.4,4.7
S0312,13,3.33,212,3.5,0.0566,0.712,8,0,2.5,11.8
S0313,14,3.19,261,3.42,0.0728,0.805,8,1,3.7,11.6
S0314,8,3.19,173,3.32,0.0347,0.746,8,0,2.9,12.7
S0315,8,3.36,120,3.54,0.0667,0.7,7,0,3.0,9.8
S0316,6,3.43,107,3.87,0.0561,0.701,7,1,6.4,5.8
S0317,12,3.47,270,3.76,0.0519,0.73,6,0,6.3,4.9
S0318,12,3.29,231,3.6,0.039,0.775,1,0,2.2,4.7
S0319,12,3.17,255,3.29,0.0471,0.725,7,1,3.4,4.7
S0320,9,2.88,156,3.33,0.0513,0.744,6,1,2.8,3.3
S0321,9,3.01,206,3.35,0.0485,0.748,1,0,1.3,3.6
S0322,7,3.6,152,3.91,0.0461,0.704,9,0,5.8,4.4
S0323,8,3.22,149,3.66,0.0738,0.711,4,0,4.7,5.1
S0324,6,2.96,100,3.35,0.06,0.77,1,0,1.2,9.0
S0325,5,3.17,108,3.76,0.0648,0.75,4,1,2.6,6.7
S0326,11,3.21,285,3.66,0.0561,0.74,1,0,2.6,4.3
S0327,13,3.13,252,3.48,0.0635,0.754,1,0,4.5,15.5
S0328,12,2.65,277,2.8,0.0578,0.736,8,0,2.7,6.8
S0329,9,3.13,157,3.32,0.0446,0.732,6,0,2.0,3.4
S0330,7,3.48,115,3.92,0.0435,0.739,2,1,3.8,5.7
S0331,8,3.2,171,3.6,0.0292,0.778,3,1,5.2,5.1
S0332,15,3.24,288,3.86,0.0417,0.76,2,0,2.5,17.1
S0333,16,3.37,373,3.57,0.0563,0.7,1,0,4.1,10.5
S0334,9,3.2,171,3.56,0.0351,0.719,5,0,3.4,8.7
S0335,10,3.6,170,3.89,0.0647,0.741,7,1,3.2,10.3
S0336,19,3.12,397,3.56,0.0756,0.733,7,1,2.6,4.7
S0337,13,3.01,269,3.48,0.0632,0.784,6,0,3.1,8.3
S0338,9,2.95,181,3.38,0.0608,0.724,1,1,13.3,7.1
S0339,7,2.92,144,3.47,0.0556,0.757,8,1,3.3,5.7
S0340,9,3.28,142,3.66,0.0423,0.732,2,1,10.4,4.6
S0341,10,3.31,185,3.7,0.0541,0.768,9,1,4.1,6.0
S0342,7,3.3,181,3.57,0.0442,0.729,4,0,3.6,4.2
S0343,12,3.51,249,3.74,0.0602,0.731,8,1,4.1,7.0
S0344,13,2.89,255,3.13,0.0784,0.725,1,0,2.0,5.6
S0345,8,3.49,127,3.84,0.1181,0.795,1,0,6.1,14.8
S0346,10,2.92,224,3.25,0.0491,0.75,6,1,1.9,3.9
S0347,10,2.89,202,3.26,0.0743,0.743,7,0,3.3,6.6
S0348,9,3.24,193,3.69,0.0725,0.788,4,1,1.2,7.9
S0349,7,3.07,137,3.69,0.0657,0.752,8,0,4.5,1.9
S0350,14,3.53,339,3.95,0.0885,0.749,1,1,4.4,9.9
S0351,14,2.96,241,3.33,0.0373,0.739,2,0,4.6,26.4
S0352,8,3.14,144,3.49,0.0694,0.701,2,1,10.3,7.3
S0353,11,3.16,197,3.46,0.0964,0.736,7,0,3.3,18.2
S0354,7,2.84,103,3.36,0.0777,0.777,3,0,4.8,5.0
S0355,9,3.26,139,3.53,0.0719,0.741,3,0,4.9,2.1
S0356,16,3.51,352,3.91,0.0483,0.744,5,0,2.6,6.4
S0357,13,2.99,244,3.61,0.0656,0.75,7,0,5.6,3.4
S0358,6,3.43,123,3.75,0.0407,0.715,4,0,2.6,1.9
S0359,13,3.34,277,3.59,0.0542,0.715,5,0,1.6,20.5
S0360,7,3.24,142,3.63,0.0352,0.683,9,1,4.5,2.5
S0361,14,3.46,268,3.81,0.0261,0.713,9,0,7.3,11.9
S0362,5,2.71,79,2.91,0.0633,0.734,6,0,3.4,2.8
S0363,11,3.09,190,3.23,0.0316,0.732,5,0,6.1,12.4
S0364,13,3.24,276,3.55,0.058,0.714,7,1,7.0,7.4
S0365,11,3.12,181,3.43,0.0608,0.729,6,0,3.9,5.5
S0366,19,2.77,423,3.25,0.0709,0.723,4,0,4.2,8.6
S0367,12,3.33,249,3.31,0.0321,0.743,1,0,3.5,6.9
S0368,7,3.13,96,3.73,0.0729,0.74,5,0,7.3,10.1
S0369,12,3.27,222,3.66,0.0586,0.77,4,1,3.6,7.2
S0370,7,3.46,163,3.75,0.0613,0.767,2,0,4.8,3.9
S0371,11,3.32,187,3.56,0.0749,0.786,9,0,3.0,8.3
S0372,8,3.5,118,3.98,0.0254,0.703,6,0,6.1,7.1
S0373,5,2.71,116,3.11,0.0603,0.716,3,1,10.5,2.4
S0374,13,3.09,238,3.24,0.042,0.756,6,0,5.7,9.5
S0375,14,3.32,280,3.79,0.0786,0.718,7,0,6.5,6.0
S0376,18,3.1,358,3.26,0.0475,0.749,1,1,2.8,5.7
S0377,13,2.96,231,3.43,0.0909,0.766,2,1,4.6,10.0
S0378,12,3.11,239,3.38,0.0502,0.77,9,1,4.3,11.4
S0379,13,3.28,268,3.61,0.0448,0.761,5,0,3.0,4.7
S0380,9,3.22,184,3.55,0.0598,0.734,2,0,9.1,5.2
S0381,10,3.37,183,3.74,0.0164,0.749,2,0,2.8,6.2
S0382,15,3.03,288,3.38,0.0729,0.76,7,0,3.5,12.0
S0383,11,3.26,225,3.48,0.0133,0.684,7,1,4.1,7.6
S0384,13,3.38,275,3.57,0.0473,0.735,7,1,7.9,6.0
S0385,10,2.75,191,2.99,0.0628,0.77,3,0,5.6,2.1
S0386,8,2.95,184,3.15,0.0598,0.69,4,0,1.5,7.1
S0387,9,3.16,161,3.92,0.0435,0.807,2,0,4.6,5.7
S0388,7,2.93,138,3.39,0.0797,0.688,3,0,1.7,9.7
S0389,8,2.75,156,3.32,0.0385,0.756,7,0,4.5,3.4
S0390,17,3.14,359,3.48,0.078,0.766,8,0,2.9,7.0
S0391,5,3.7,125,3.9,0.064,0.704,5,1,5.1,13.1
S0392,11,2.96,234,3.37,0.0427,0.808,8,1,2.6,5.6
S0393,4,2.78,83,2.71,0.0482,0.747,4,1,4.7,3.6
S0394,8,3.36,190,3.79,0.1,0.768,9,0,9.5,6.5
S0395,9,3.51,179,4.13,0.0447,0.737,6,1,2.7,7.1
S0396,10,3.23,193,3.74,0.0622,0.756,2,0,7.2,7.9
S0397,8,3.42,212,3.26,0.0613,0.755,6,1,3.1,15.7
S0398,9,3.26,137,3.91,0.0438,0.774,2,0,6.7,4.3
S0399,12,3.38,230,3.63,0.0696,0.761,9,1,4.4,2.6
S0400,13,3.37,245,3.69,0.049,0.718,8,1,7.7,8.9
S0401,8,3.03,135,3.52,0.0296,0.778,1,1,6.4,9.9
S0402,10,3.41,222,4.15,0.0676,0.748,1,0,2.5,7.4
S0403,8,3.54,137,3.75,0.0365,0.774,9,1,6.3,5.0
S0404,10,2.66,165,2.95,0.097,0.776,6,0,5.0,2.8
S0405,12,3.5,195,3.84,0.0462,0.718,2,0,3.4,8.7
S0406,7,3.03,135,3.16,0.0222,0.763,9,1,5.5,6.9
S0407,4,2.82,91,3.33,0.0659,0.769,4,1,4.9,7.7
S0408,11,3.12,220,3.21,0.0636,0.768,8,1,8.3,3.3
S0409,15,3.35,323,3.8,0.0526,0.777,5,0,4.7,14.2
S0410,14,2.98,292,3.64,0.0822,0.719,7,0,6.6,12.2
S0411,8,3.82,178,4.03,0.0506,0.798,2,1,4.4,10.0
S0412,10,2.97,280,3.35,0.0536,0.764,4,0,1.2,3.9
S0413,10,3.29,181,3.68,0.0608,0.751,6,1,4.3,6.1
S0414,11,2.59,217,2.52,0.0691,0.724,3,0,3.4,11.5
S0415,19,3.08,393,3.33,0.0585,0.746,6,1,4.2,6.9
S0416,6,3.19,147,3.69,0.0816,0.748,9,0,2.9,12.1
S0417,12,3.14,229,3.35,0.0524,0.734,4,0,5.0,3.4
S0418,8,3.24,158,3.75,0.057,0.778,6,0,3.9,6.9
S0419,13,3.85,250,4.16,0.072,0.756,7,0,3.9,10.5
S0420,12,2.98,242,3.19,0.0413,0.798,2,1,8.8,3.8
S0421,8,3.81,133,4.5,0.0827,0.774,2,1,9.2,5.6
S0422,9,3.24,178,3.61,0.0843,0.775,6,0,7.8,7.6
S0423,10,3.36,155,3.66,0.071,0.716,1,1,4.4,3.0
S0424,9,3.13,176,3.57,0.0511,0.733,6,1,4.8,6.6
S0425,4,3.13,66,3.48,0.0455,0.803,2,0,2.8,2.2
S0426,10,3.08,195,3.48,0.0256,0.723,5,1,12.6,4.7
S0427,7,3.64,136,4.22,0.0588,0.772,1,0,5.1,7.1
S0428,10,2.9,193,3.19,0.057,0.751,2,0,2.9,8.3
S0429,11,3.1,181,3.5,0.0773,0.74,1,0,3.3,6.1
S0430,8,2.98,177,3.38,0.0565,0.768,3,0,6.1,4.3
S0431,8,3.48,140,3.76,0.0429,0.7,4,0,11.3,10.5
S0432,8,3.14,130,3.46,0.0538,0.754,8,0,3.5,8.6
S0433,12,2.66,234,3.12,0.0641,0.709,4,1,4.4,8.3
S0434,10,3.09,221,3.52,0.0498,0.756,2,0,4.0,12.3
S0435,10,3.04,221,3.48,0.0633,0.805,4,1,8.4,11.4
S0436,11,2.69,229,3.2,0.0699,0.721,8,0,4.4,5.1
S0437,9,3.11,193,3.19,0.0829,0.751,7,1,9.6,7.7
S0438,14,3.28,226,3.43,0.0708,0.788,2,0,9.1,8.6
S0439,9,2.97,175,3.73,0.0457,0.766,2,0,2.2,6.3
S0440,12,3.13,232,3.43,0.056,0.698,4,0,9.2,5.2
S0441,10,3.23,197,3.74,0.0355,0.716,4,0,6.1,24.0
S0442,7,3.46,167,3.99,0.0599,0.784,7,1,3.7,5.8
S0443,7,3.75,169,3.88,0.071,0.675,1,0,5.8,6.5
S0444,6,3.64,96,4.41,0.0833,0.729,7,1,1.9,7.6
S0445,13,3.09,286,3.23,0.0524,0.748,2,0,3.6,8.3
S0446,8,2.77,173,3.38,0.0462,0.734,4,0,5.3,2.2
S0447,13,3.08,272,3.43,0.0809,0.724,2,0,8.6,10.6
S0448,7,3.29,114,3.89,0.0526,0.746,6,0,6.5,6.1
S0449,8,3.45,183,3.87,0.0656,0.727,4,0,4.2,8.1
S0450,10,3.01,166,3.46,0.0542,0.699,8,1,3.1,2.5
S0451,8,3.43,134,3.73,0.0672,0.724,6,0,4.5,8.5
S0452,7,3.41,151,3.49,0.0331,0.735,1,0,1.9,3.8
S0453,6,3.17,120,3.5,0.0417,0.75,5,0,2.3,8.7
S0454,14,2.84,229,3.09,0.0568,0.707,5,1,3.1,7.6
S0455,8,3.36,168,3.75,0.0595,0.679,4,0,5.0,13.0
S0456,9,3.28,213,3.77,0.0657,0.779,3,0,2.5,4.5
S0457,8,3.42,179,3.99,0.067,0.687,4,1,1.9,6.3
S0458,9,3.59,175,4.13,0.1029,0.737,9,1,3.3,16.6
S0459,9,3.36,189,3.51,0.0582,0.735,2,0,7.6,4.4
S0460,14,3.58,251,3.88,0.0717,0.745,1,1,5.7,2.2
S0461,13,3.3,282,3.65,0.0674,0.745,8,1,2.8,9.8
S0462,8,2.88,177,3.21,0.0395,0.734,6,0,3.4,3.8
S0463,9,3.71,205,4.13,0.078,0.732,4,0,3.3,6.3
S0464,6,3.04,97,3.26,0.0412,0.722,9,1,2.4,4.2
S0465,12,2.89,252,3.18,0.0556,0.766,4,1,2.9,7.8
S0466,10,3.04,194,3.49,0.0773,0.753,5,1,2.3,2.0
S0467,9,3.23,181,3.27,0.0718,0.757,4,0,7.1,4.4
S0468,12,3.38,230,3.7,0.0435,0.674,1,0,3.1,8.3
S0469,11,3.27,242,3.28,0.0455,0.756,2,1,2.6,7.2
S0470,9,2.81,178,3.13,0.0674,0.753,7,1,4.1,5.1
S0471,9,2.9,174,3.34,0.0862,0.741,7,0,1.9,5.3
S0472,9,3.22,181,3.44,0.0497,0.746,2,0,7.5,7.8
S0473,14,3.25,246,3.4,0.0447,0.691,7,0,5.6,9.5
S0474,7,3.62,138,3.81,0.029,0.703,4,0,3.3,6.7
S0475,13,3.12,255,3.55,0.0588,0.761,1,1,5.6,13.3
S0476,12,3.27,241,3.37,0.0705,0.701,6,0,9.9,6.1
S0477,9,3.41,204,3.58,0.0392,0.794,6,0,9.0,17.0
S0478,9,3.08,185,3.49,0.0486,0.757,4,1,5.1,2.8
S0479,9,3.12,167,3.38,0.0419,0.719,7,0,7.0,4.2
S0480,12,3.19,237,3.8,0.0928,0.722,1,0,4.5,13.4
S0481,15,3.49,300,3.77,0.0567,0.717,5,1,13.0,4.7
S0482,9,3.11,181,3.49,0.0663,0.74,9,0,5.5,5.6
S0483,12,3.15,243,3.43,0.0535,0.741,9,1,10.2,8.3
S0484,11,3.15,179,3.39,0.0615,0.743,8,1,13.7,4.7
S0485,10,3.37,199,3.64,0.0653,0.719,2,1,7.1,4.9
S0486,8,3.45,179,3.36,0.0559,0.771,1,1,3.2,4.4
S0487,8,3.4,177,3.66,0.0508,0.757,1,1,11.4,8.3
S0488,8,3.13,177,3.58,0.0508,0.757,8,1,4.4,3.6
S0489,6,3.09,123,3.61,0.0407,0.724,4,0,4.9,4.0
S0490,9,3.32,186,3.79,0.0699,0.737,7,1,7.2,7.3
S0491,8,3.38,192,3.86,0.0573,0.708,4,0,7.6,4.0
S0492,11,3.37,219,3.79,0.0411,0.795,3,0,5.7,6.2
S0493,18,3.15,365,3.47,0.0575,0.759,3,1,1.3,8.4
S0494,9,2.83,224,3.2,0.0446,0.75,3,0,2.1,3.5
S0495,13,3.26,216,3.4,0.0694,0.764,8,0,3.1,15.4
S0496,5,3.79,105,3.84,0.0667,0.771,7,1,2.2,10.3
S0497,9,3.44,177,3.77,0.0565,0.706,4,0,2.4,5.1
S0498,9,3.43,175,3.94,0.0571,0.726,5,1,4.0,3.8
S0499,9,3.49,190,4.03,0.0789,0.747,7,0,10.3,3.7
S0500,7,3.26,117,3.89,0.0684,0.65,3,1,6.4,3.4
